,Transaction_Amount,Account_Balance,IP_Address_Flag,Previous_Fraudulent_Activity,Daily_Transaction_Count,Avg_Transaction_Amount_7d,Failed_Transaction_Count_7d,Card_Age,Transaction_Distance,Risk_Score,Is_Weekend,Fraud_Label,Year,Month,Day,Hour,DayOfWeek,Is_Odd_Hours,High_Value_Flag,Round_Amount_Flag,High_Frequency_Flag,High_Failure_Flag,Total_Fraud_Flags
count,50000.0,50000.0,50000.0,50000.0,50000.0,50000.0,50000.0,50000.0,50000.0,50000.0,50000.0,50000.0,50000.0,50000.0,50000.0,50000.0,50000.0,50000.0,50000.0,50000.0,50000.0,50000.0,50000.0
mean,99.4110122,50294.065980800005,0.0502,0.0984,7.48524,255.2719244,2.00354,119.99994,2499.1641554,0.25833748308266674,0.29964,0.32134,2023.0,6.5217,15.7247,11.51638,3.01088,0.16708,0.13338,0.00102,0.28602,0.19908,0.6697
std,98.68729210927782,28760.458557251815,0.21835959703725494,0.29785770828415314,4.03963717625362,141.3822793696264,1.4142727713384837,68.98581738920267,1442.0138335532922,0.09516470367385185,0.45810486528888994,0.46699568102855293,0.0,3.440361293776663,8.80082376826056,6.902382527308311,2.001210064544562,0.37305101117828215,0.33998836368580154,0.03192146581220218,0.4519033568506419,0.39931233715833536,0.7265070311079755
min,0.0,500.48,0.0,0.0,1.0,10.0,0.0,1.0,0.25,0.007364400000000001,0.0,0.0,2023.0,1.0,1.0,0.0,0.0,0.0,0.0,0.0,0.0,0.0,0.0
25%,28.677500000000002,25355.995,0.0,0.0,4.0,132.0875,1.0,60.0,1256.4975,0.19054136666666668,0.0,0.0,2023.0,4.0,8.0,6.0,1.0,0.0,0.0,0.0,0.0,0.0,0.0
50%,69.66,50384.43,0.0,0.0,7.0,256.085,2.0,120.0,2490.785,0.25267839999999997,0.0,0.0,2023.0,7.0,16.0,12.0,3.0,0.0,0.0,0.0,0.0,0.0,1.0
75%,138.8525,75115.13500000001,0.0,0.0,11.0,378.03249999999997,3.0,180.0,3746.395,0.3180902666666667,1.0,1.0,2023.0,10.0,23.0,17.0,5.0,0.0,0.0,0.0,1.0,0.0,1.0
max,1174.14,99998.31,1.0,1.0,14.0,500.0,4.0,239.0,4999.93,0.7021381333333333,1.0,1.0,2023.0,12.0,31.0,23.0,6.0,1.0,1.0,1.0,1.0,1.0,4.0
